TV_Spend,Radio_Spend,SocialMedia_Spend,Influencer_Spend,Website_Visits,Sales
17483.57,12198.07,3649.64,200.0,13092,97139.6
14308.68,10773.9,4710.96,1139.61,19750,94581.73
18238.44,8178.89,3415.16,1586.39,20144,73678.61
22615.15,6059.19,4384.08,3887.69,23781,126148.44
13829.23,10094.67,1212.77,2556.55,9065,104970.28
13829.32,9180.46,5426.59,664.52,24740,76479.17
22896.06,10685.58,5002.41,2486.04,2000,141948.1
18837.17,9905.52,3365.82,452.7,14960,116177.61
12652.63,11148.66,6318.49,3082.69,16093,92172.13
17712.8,6394.29,6875.14,1528.88,25066,111039.7
12682.91,11952.18,1784.88,1906.36,20181,131624.03
12671.35,8592.8,3474.55,3325.8,8755,104471.18
16209.81,14225.78,3461.72,712.84,12120,107673.29
5433.6,5932.44,3120.19,602.88,21589,54983.6
6375.41,13207.89,6658.95,1416.4,19367,90177.29
12188.56,8593.73,4612.35,3038.38,15367,84842.34
9935.84,6045.75,4470.97,480.65,16153,29370.5
16571.24,6548.34,992.28,200.0,25569,135860.88
10459.88,7038.96,6270.84,1548.84,15858,86085.88
7938.48,9272.5,2521.48,2551.74,19295,88913.88
22328.24,9568.51,5119.87,3200.26,37359,150173.87
13871.12,6278.9,5554.75,1536.84,8610,69431.57
15337.64,7926.94,7721.32,1588.57,5185,90257.56
7876.26,14426.81,2382.36,3153.9,26268,70144.25
12278.09,13182.63,500.0,200.0,14570,132621.95
15554.61,9308.97,5367.7,1611.48,17454,80334.56
9245.03,8114.01,8601.02,2190.42,13750,66068.06
16878.49,8360.09,7477.89,2449.22,17921,105737.66
11996.81,9840.55,5419.32,1490.19,32788,134126.72
13541.53,4931.62,4016.73,2034.44,26417,95298.78
11991.47,7227.87,6614.25,200.0,26897,68653.3
24261.39,2994.25,3052.91,1341.75,8670,129008.42
14932.51,9197.67,5952.72,2453.51,10790,115884.2
9711.45,9941.59,6010.94,1017.71,2000,83491.58
19112.72,6550.44,7120.42,2058.98,13524,125282.55
8895.78,12721.96,10000.0,2446.87,27653,161079.08
16044.32,4322.7,5784.83,1657.45,24135,144780.73
5201.65,3606.88,3982.07,2170.46,18227,44399.9
8359.07,8673.36,4948.85,1037.27,19821,111910.28
15984.31,11141.29,1461.85,1793.39,14488,109690.63
18692.33,13051.78,3610.57,2610.22,21638,139102.02
15856.84,6623.35,4181.44,2156.97,26127,73339.34
14421.76,11236.04,3951.82,1413.47,7072,90106.14
13494.48,7884.47,5304.71,2224.22,22397,85462.28
7607.39,7482.12,3355.16,2714.61,27459,101492.84
11400.78,10650.98,7242.06,200.0,16679,113398.54
12696.81,9956.97,5000.41,3159.07,25605,69030.47
20285.61,3270.82,4981.4,1663.75,42517,126703.7
16718.09,12429.62,4344.21,2425.49,19165,142021.99
6184.8,12140.27,5310.38,3197.25,23146,89907.67
16620.42,6123.31,6650.2,628.33,14095,110307.38
13074.59,9187.41,3265.74,1290.56,21450,102305.15
11615.39,9482.09,3683.77,1711.45,23682,102669.37
18058.38,8782.02,4392.55,1216.25,21558,106611.64
20155.0,6349.08,2308.26,3734.94,11842,86163.39
19656.4,5985.13,3361.48,1143.23,21650,85656.41
10803.91,7923.34,4047.56,1444.45,31697,110303.59
13453.94,11518.19,6748.78,2204.39,23589,114653.21
16656.32,9630.8,5525.12,797.85,27695,112749.69
19877.73,6888.16,5387.18,1604.32,18103,104919.46
12604.13,10315.1,6701.8,2317.45,25999,104981.25
14071.71,1000.0,4725.26,1667.14,22234,103819.15
9468.33,11446.3,5780.93,1906.61,12392,81585.73
9018.97,2780.86,4793.56,1470.67,22548,43943.04
19062.63,6912.68,5530.72,485.53,12066,115960.9
21781.2,4640.99,3834.48,2321.59,14936,107068.65
14639.95,4115.96,500.0,3754.93,21514,93424.03
20017.66,11482.48,4731.44,2018.4,22377,161846.49
16808.18,6596.9,7845.5,2225.26,10486,102550.21
11774.4,9039.51,6852.43,2692.72,28431,115023.77
16806.98,7859.24,6930.79,730.67,24576,87441.58
22690.18,9431.12,7472.26,3702.51,14362,133349.34
14820.87,8230.47,5177.32,2202.33,7699,105471.57
22823.22,4151.02,5394.63,3631.86,18840,93862.02
3000.0,10988.8,3764.7,1266.97,16432,67849.13
19109.51,6518.73,4367.85,3818.06,20905,121793.89
15435.24,3330.25,6231.54,2775.16,17095,96524.61
13504.96,6715.65,7407.77,2553.04,3940,108095.96
15458.8,12502.28,4721.11,2234.02,16893,120274.04
5062.16,10550.67,4099.62,1751.47,17555,102496.89
13901.64,6954.04,5001.06,3200.53,25069,86685.01
16785.56,6952.23,6202.41,2140.36,14414,106725.64
22389.47,7035.09,2112.29,200.0,33429,125631.96
12408.65,14230.24,500.0,882.81,4706,62653.92
10957.53,9145.81,3898.93,1814.15,30489,118951.02
12491.21,9290.12,2558.58,2310.0,18205,140152.0
19577.01,11090.85,3983.72,1943.41,26876,129361.13
16643.76,8716.37,4704.44,3218.97,20638,125391.7
12351.2,7222.87,4093.5,200.0,29116,93664.5
17566.34,7410.95,7904.94,2143.59,16901,98696.55
15485.39,7785.2,5653.49,200.0,11211,53687.24
19843.22,7888.33,5600.95,2759.71,31364,118727.84
11489.73,10182.89,6244.41,1905.54,19092,70620.81
13361.69,8155.84,2722.33,2419.61,21772,131644.86
13039.46,10197.92,7078.22,1136.12,29878,109207.97
7682.43,7757.85,4848.47,3279.46,11744,69802.98
16480.6,8235.91,6340.96,3041.72,24763,137283.1
16305.28,2005.4,2856.29,2583.54,15280,64241.96
15025.57,10748.98,1892.48,1870.48,18942,87740.82
13827.06,9039.47,6635.78,2579.86,20578,109248.94
7923.15,10994.03,5752.82,1293.11,7998,96269.74
12896.77,1000.0,3195.9,2855.56,13769,83656.14
13286.43,14265.12,3260.67,3649.48,30808,131705.69
10988.61,7581.23,7250.87,3070.61,27089,105700.64
14193.57,11324.55,2621.18,1270.4,19498,109211.26
17020.25,4880.28,8285.35,2361.42,21944,115044.5
24430.93,9838.32,3198.76,706.86,17646,106712.67
15872.89,4839.75,6276.78,2572.39,30852,113426.62
16287.75,6128.69,4342.76,2450.6,18397,80390.67
14627.77,13742.09,6206.37,200.0,21854,114446.49
5406.14,7427.95,3911.77,838.22,29168,62985.88
14867.43,8652.3,4674.41,1716.86,13781,147850.16
15301.15,10610.2,5081.84,1699.14,32470,120028.37
27316.21,9487.05,2995.63,790.52,7756,98658.64
14038.2,8451.26,6481.65,2388.98,33037,114561.97
16507.74,9094.88,3973.57,2251.47,17018,117649.35
14826.44,15000.0,4542.8,1805.73,18058,150245.0
9156.61,7827.14,3011.3,1244.21,4879,51993.49
20714.11,8603.3,500.0,3048.71,16361,84270.03
18759.67,11151.96,4617.94,3655.41,11681,138060.44
18955.16,11316.58,9825.23,1516.44,15138,98863.74
10453.06,11561.09,6569.21,1387.83,18901,88155.47
22013.97,9916.19,4961.48,2491.21,27662,134123.49
7990.74,4570.99,4474.22,1641.97,21660,69885.59
17934.29,12900.29,5044.93,1860.6,22461,140348.36
25952.28,4560.96,6094.24,2739.65,11235,113091.48
10047.32,8907.91,2638.37,200.0,12953,66174.24
12168.51,5737.17,7228.64,3318.3,34389,110564.18
15498.26,7807.58,6430.76,2072.68,14118,104885.26
12482.62,8986.29,6436.37,1588.51,33249,112389.7
7246.68,8964.07,5876.95,1910.77,18055,88982.29
15342.81,9265.76,5039.23,1962.43,20018,124271.26
9688.48,12841.13,6345.72,268.8,28562,109189.66
17367.96,9360.6,6183.63,3494.94,30175,140668.1
10402.88,7267.53,4291.92,2041.33,19113,53110.61
22749.67,10892.26,3852.8,2443.0,16894,133190.15
11083.73,11568.41,5203.71,2951.55,19552,113044.54
13389.69,4317.18,8098.04,978.84,22703,107241.78
19067.59,9792.2,2521.79,2473.47,27130,110747.6
8845.68,10103.52,2064.95,1732.36,20033,69234.22
16137.3,7107.31,5329.52,2846.77,24951,101646.5
21535.71,12127.12,5101.78,200.0,33106,149759.75
6962.58,7549.83,5346.68,1900.91,23050,99995.65
15923.17,8376.73,5487.91,1397.18,22493,99597.33
16299.41,7480.78,4553.6,2432.26,7848,114251.92
18909.11,8046.74,7979.73,2470.04,2000,109386.29
8815.25,4711.17,1798.19,1292.37,23107,66832.79
8397.72,3679.85,3343.01,1287.83,19241,60459.39
17609.71,12783.52,4793.49,1889.33,15881,133910.2
16484.92,5459.12,1713.62,1103.36,21948,100272.81
16252.46,5025.82,4648.29,2841.98,19516,147673.1
16732.24,1539.83,8322.94,1630.79,29022,88135.81
11599.88,6083.11,5041.77,200.0,20688,91204.61
16161.27,4030.73,5461.4,1625.18,14024,80324.77
16465.36,12926.05,2479.67,961.46,27921,101153.11
11428.24,11029.45,3767.28,368.72,18262,88656.19
24328.87,5935.55,4249.61,762.57,24212,128005.22
17369.16,14757.31,4364.57,2109.41,16180,181905.51
9043.48,10945.3,7563.29,3328.64,14801,93202.06
18282.77,7025.51,6115.38,2313.18,20673,92562.8
10126.59,1000.0,2777.08,1393.5,20102,69169.76
18935.42,14872.83,5493.01,2455.9,23838,97694.0
20792.98,3831.28,5996.44,1540.91,17850,107453.68
10896.59,3063.8,7280.3,1305.4,5309,66083.98
19816.88,11067.71,8161.08,845.64,16537,140016.39
17063.9,15000.0,2969.81,248.17,26350,141655.6
19110.3,12152.82,3378.28,1610.08,17620,110004.73
24483.96,9691.73,2484.84,2158.05,18028,129112.5
13773.06,9784.26,4531.96,1903.38,27891,94275.31
11231.32,10560.25,5932.72,1584.03,14304,69826.81
10552.43,10276.79,6974.67,1054.25,7657,89426.29
10920.95,8843.57,4848.1,2608.25,18714,67848.1
14614.49,8312.6,4360.3,682.87,16126,84417.6
16705.76,7812.22,5303.52,2776.03,12270,85056.57
16383.45,5738.11,3329.71,997.78,18596,104587.65
19135.92,7157.97,9179.08,1247.56,23932,158334.67
15065.01,2921.13,1784.68,533.21,19925,52810.82
22267.67,7704.98,5369.48,1498.6,22455,89478.21
13676.72,5034.23,9047.21,2975.31,34507,113393.62
28600.85,4689.23,5013.6,2515.63,17256,138429.57
18128.34,8539.68,4619.92,2978.42,22226,124264.57
10714.21,12176.01,4285.11,2522.14,15926,88186.73
9645.54,10754.95,4639.22,896.33,13229,77672.06
17412.36,3288.5,7745.7,1669.21,15320,105865.7
13882.69,5031.12,576.28,1219.8,16169,98402.42
18570.0,10822.31,8066.87,3330.57,22875,96142.76
17366.19,5052.54,2152.09,803.21,38792,102904.62
14635.86,7326.1,4466.7,2893.7,14271,102174.86
10766.03,9650.16,4141.51,2892.95,16666,74533.3
7425.76,5094.97,6177.11,3829.62,19495,115489.0
12767.43,8316.13,1803.75,1590.31,23166,79554.67
19281.99,3997.92,5924.35,2712.32,22108,112553.24
16070.47,6195.9,9048.62,4281.65,30272,139123.46
8771.31,8959.35,2273.65,1382.36,2000,50201.09
15865.9,3221.02,5379.41,464.96,2000,35281.26
16926.59,9321.42,3676.04,200.0,16032,90762.09
10580.71,7941.09,5851.77,2712.71,28778,121855.68
15768.63,9657.47,5038.3,200.0,7474,84481.64
15291.04,8671.74,3717.03,1627.68,2000,68846.15
9285.15,12092.42,5975.74,2437.31,24569,121318.79
16788.94,8375.67,8608.7,2185.18,21949,112257.49
17803.92,6711.78,4618.19,2425.44,11278,91956.36
20415.26,8366.89,6439.52,2222.29,12115,120841.8
20269.01,9629.89,2413.45,3278.87,12242,133155.98
8111.65,8146.58,3087.13,1047.68,20884,122606.2
10310.87,8121.78,5944.81,1323.0,14989,99459.47
17575.18,5894.02,7968.23,1227.34,23952,135104.6
17568.93,6011.3,5711.23,2830.19,2000,84813.49
17575.24,3792.18,4373.88,2900.4,13145,76799.15
30000.0,13248.73,4998.58,2451.23,10991,159308.34
17854.45,4268.41,2499.18,3183.49,17949,103653.88
20677.83,5921.28,6209.03,821.96,15695,88074.35
19770.01,5844.78,6764.67,3667.22,26382,125326.58
18256.96,10684.77,4095.82,3523.24,5125,119551.07
13423.65,7115.15,4059.92,2735.62,20363,104802.87
18794.85,11743.23,5531.76,3781.8,24466,147069.89
11135.87,5979.53,4126.56,343.38,34853,96606.43
13815.91,8836.98,4867.73,1475.55,16145,85506.16
12573.18,5493.96,9199.44,1264.7,22595,85771.42
15409.37,14435.45,4505.95,2721.48,5569,85700.54
26573.29,4437.2,4283.32,949.86,2000,145227.45
5663.67,8929.46,3704.92,2757.5,26758,82773.37
18431.3,9901.33,6488.38,3370.54,19955,122694.68
6936.42,9241.4,4637.55,2695.2,29428,72607.41
12640.34,7444.14,3701.25,2283.75,9012,141909.73
20444.75,7610.54,7642.61,1012.13,24159,102632.7
15321.4,8131.43,7839.21,1153.15,34950,111074.08
9611.28,7558.99,3799.15,3249.62,23357,99154.1
11423.48,10891.64,1266.92,2779.35,22212,109455.67
18397.99,14631.57,7015.03,1960.98,20068,153339.8
11348.17,6327.52,3630.74,1582.09,7432,107996.67
16082.29,3890.59,6581.25,200.0,30844,111739.35
15227.86,7735.15,1059.79,929.15,15113,66265.37
11742.0,15000.0,6785.19,3911.42,24035,119817.94
25719.72,5588.98,2577.66,719.54,7495,116768.26
18169.6,12917.35,6461.53,2189.48,10564,161916.11
4874.29,13033.1,5028.55,3007.44,31480,69938.9
15932.27,6339.24,3092.12,745.08,17221,115002.95
11691.07,9706.95,4185.93,2184.71,31626,110232.64
19262.17,12885.19,6372.64,2937.92,19374,151561.46
11037.4,6862.62,5211.79,2012.5,5264,72807.12
14426.32,7389.26,6168.83,4868.4,27136,103275.94
17524.94,6254.96,8952.88,331.4,15280,117961.35
19328.78,4955.73,1871.52,3058.73,25589,126270.1
8998.52,6052.17,8234.43,1827.2,20201,103861.81
13327.49,4328.18,5208.71,2771.92,7655,80832.44
12625.27,8102.25,3202.43,2441.31,21314,83616.72
11733.35,5690.08,2339.37,1266.84,37569,63813.93
23827.27,8701.36,4621.76,2229.0,23943,153395.68
17024.91,3332.31,6843.3,200.0,19539,102012.09
8695.58,8992.64,4744.9,2603.25,28602,75948.42
19589.31,10500.59,8022.31,2298.16,21685,121545.21
25610.78,2018.79,2097.65,2638.66,21676,111769.23
20162.33,9122.17,4975.82,3058.12,11266,89300.24
7403.15,11683.01,2495.21,2367.62,21870,70426.28
12578.83,4371.08,5727.26,2148.09,28283,73074.77
21334.56,13017.72,6773.77,1118.93,13311,121326.06
11461.65,9257.06,4158.48,1287.78,31395,86067.5
17219.1,5884.96,500.0,3186.73,19266,68578.75
18873.17,7832.69,5397.9,3436.34,12897,155840.93
10365.35,9674.98,5873.48,1761.89,27981,125386.34
14702.37,8228.02,5808.59,2046.0,17705,86816.4
3000.0,9616.27,7471.56,1095.39,26076,80497.5
9878.06,5237.98,2857.89,3172.76,17665,87105.9
13737.16,8508.08,6360.43,2665.42,19521,128997.07
8761.08,3758.86,7385.02,3941.22,23948,72066.16
23162.06,7666.32,1442.82,1121.68,22327,142416.94
7849.29,5288.28,5639.3,1621.99,4035,47813.41
12799.78,5793.41,3991.64,2231.45,11030,54986.49
15653.7,11708.28,4836.95,2646.49,27435,138094.16
22206.37,11273.93,5695.35,1784.33,18942,159676.38
7820.69,9827.41,4025.54,1127.04,15810,127448.89
20815.82,4723.06,3648.58,2881.41,9131,81023.26
15051.17,7050.77,5068.3,2721.14,11362,110274.56
10092.46,11639.29,2825.51,1083.73,3825,66170.31
17310.52,8425.15,2828.35,3355.44,19189,128242.83
15995.3,14957.99,6358.75,3170.2,15212,97304.94
11998.92,9179.95,2702.41,2134.3,12267,60746.54
15349.01,8576.15,6332.63,2079.6,19455,92474.29
13073.43,7072.65,5925.18,2554.06,22911,102853.44
15567.59,8400.62,1548.39,1138.3,36745,98521.35
18310.65,7542.59,3644.87,2030.03,7904,112629.99
22930.08,10124.33,7388.22,200.0,29275,159691.31
8810.92,10870.11,3037.67,2876.46,27784,109629.37
25665.17,5642.03,4071.19,438.51,13767,150125.92
5239.56,4006.3,5924.12,3503.42,21625,79589.62
14241.07,2491.38,6566.78,1669.88,16338,60833.72
17941.59,9523.97,4496.92,1788.33,21485,143254.12
16404.96,4689.9,3804.98,1372.27,32073,93458.49
11886.5,1541.33,7844.74,1711.96,24844,103598.44
13959.39,9165.74,8477.8,3418.53,24068,149997.07
12535.0,15000.0,6957.72,200.0,16557,114991.41
12053.18,7981.79,5170.64,3276.97,8127,58658.95
19248.01,10515.47,3383.47,2338.02,18332,101693.24
16785.08,8245.49,3339.11,792.98,29652,136730.05
11535.45,7703.33,6045.03,924.69,7782,74465.98
19498.0,10757.23,5836.8,3676.39,11559,126860.94
16536.5,7129.18,7803.2,1054.49,21010,123194.53
19064.31,8802.18,6300.9,846.65,12122,122661.06
18148.14,8965.09,1993.84,3137.31,13659,114808.52
10855.02,5995.73,7103.9,2338.55,16611,82877.2
12199.09,10976.13,3003.88,1062.07,9075,78153.09
18736.47,7475.12,4232.06,2216.62,12207,123494.66
18051.85,5732.76,5500.4,974.25,25627,120129.04
14895.49,9609.53,8991.33,3100.82,9541,104028.11
15586.64,5304.6,10000.0,3061.37,7217,121827.92
21388.32,8084.54,6213.45,2532.01,14959,121102.56
12042.14,7972.64,4633.61,2361.66,25855,82726.6
17735.49,11257.69,6069.01,3761.19,18424,112645.62
13989.04,9424.09,6775.31,1999.69,16283,83799.63
13911.59,7924.92,4358.66,818.13,20354,88400.49
20493.88,10453.3,8590.42,2449.47,6034,147324.67
19127.08,12170.62,5460.14,4086.05,23957,123674.24
19067.55,9673.43,5995.49,985.24,23067,124561.34
21527.39,8031.06,6331.85,1638.54,16725,108999.83
15105.02,4064.49,5843.17,2416.45,28047,98958.91
18409.76,4804.66,6677.88,1946.1,10980,70603.27
13448.67,7084.33,3765.49,1017.7,29023,93407.17
16620.83,6171.46,3883.4,3121.86,21235,103643.3
14349.28,7439.09,2799.69,4320.04,17307,113649.62
15484.98,8169.95,5879.0,2196.13,19841,111885.68
17975.79,9589.08,6557.87,1095.93,19141,91052.55
10908.9,7788.5,5915.55,451.04,29762,115346.97
25461.94,9459.5,8348.98,2257.98,11386,143866.8
9969.91,8193.42,4988.81,3103.88,13899,90570.76
8929.06,2073.6,6337.48,2475.17,28290,80590.37
20790.55,5181.99,2816.6,1997.6,15235,96101.78
18958.31,7567.74,4225.8,1410.73,27204,121816.26
18120.6,4370.92,6391.08,907.84,33595,123886.98
18141.73,9799.79,6698.2,2834.75,16785,86401.4
14938.77,12592.25,4412.07,2913.77,25450,111303.46
10513.73,11656.29,4856.8,454.27,10770,77983.87
15379.02,7359.67,1964.25,3589.84,26037,114423.54
11614.19,12472.18,4285.94,2574.07,21595,129916.32
19875.6,8446.0,6780.77,3399.59,23784,116831.7
14264.71,6988.74,6150.41,657.87,14835,80279.6
10872.51,6159.79,6001.33,634.18,6711,59383.56
13393.07,7092.59,5099.55,1851.03,24026,82950.58
17064.66,6835.47,5014.13,2502.78,3492,87182.19
12181.38,8511.25,3679.36,3796.36,17461,113577.57
10888.9,8481.72,6397.66,2706.08,27529,82359.28
16218.44,8009.14,5841.95,1757.32,21535,117580.3
16224.83,9310.81,5984.04,973.63,35586,87949.68
12465.28,11571.94,3947.93,3230.0,28200,103322.06
12644.81,10848.66,693.31,1035.29,14768,79779.86
16160.25,3545.31,7194.31,3628.47,20218,140096.38
7759.58,1000.0,4042.33,1715.62,19621,53803.74
7962.68,10802.96,3274.45,3590.58,7342,35686.83
11407.78,3899.36,6386.96,2678.93,12476,39984.79
13932.76,7325.7,4215.97,1863.0,15513,92769.29
16554.54,4489.66,7119.87,1480.6,3710,98699.55
22376.78,2594.06,6234.01,1659.09,20379,121965.42
19288.3,9624.39,6367.14,2428.32,18007,126758.56
14200.31,10277.47,2268.09,2077.16,6616,112933.9
14904.92,6270.47,7423.89,1406.19,23233,92618.79
9987.35,1000.0,5522.5,1834.37,25726,92973.44
14907.43,6361.27,4261.45,2078.58,21816,66794.08
13556.71,9175.41,5286.78,200.0,17407,74223.94
16613.59,3563.27,1447.53,2458.17,24731,60873.26
10863.85,8550.08,5817.31,1020.28,25441,88194.48
17596.73,7954.07,2941.26,846.67,22459,104248.4
22663.69,9737.87,2294.66,312.66,13403,116625.61
14456.2,8358.74,1955.28,206.11,22212,92750.43
17008.56,5080.79,7225.38,644.55,29563,90834.11
18450.72,11589.71,3741.47,1290.98,15226,109943.71
12993.9,7524.41,8067.46,3953.26,36783,94277.51
16120.46,7918.09,3928.4,1474.12,15794,125975.74
15062.96,5200.2,1585.28,2177.75,20259,85145.06
15488.38,6670.15,2766.95,2400.48,14620,84441.07
11134.95,5345.59,7471.62,2131.07,21786,122568.47
15122.55,7481.16,4688.2,1922.56,6062,64027.39
17489.99,13135.13,3903.43,804.71,15631,90688.0
22255.72,3884.3,5320.04,3450.93,11263,92866.23
19796.35,3159.32,6003.57,3807.2,21082,115279.56
25765.91,12413.51,7234.8,317.34,27955,161601.09
11163.26,7372.03,7897.0,975.97,25168,109813.35
19361.6,5992.78,4280.46,1720.19,2000,144936.6
15916.71,11119.71,2347.9,1035.46,36336,74918.63
25949.01,6183.15,4173.07,2505.97,22362,148581.44
10958.51,13478.03,5520.56,1271.73,13788,85179.99
10801.39,10033.78,3072.48,4165.06,21257,89659.11
12003.04,6536.27,3085.7,3190.55,21409,80259.01
4380.52,14471.92,5687.58,2212.57,14665,64529.97
12371.22,6182.86,4902.7,3026.99,21583,129396.05
11204.34,10226.29,5065.59,3105.9,15140,113744.0
15751.97,8897.88,3483.01,1436.05,16765,100360.74
16708.78,11905.22,4539.2,1183.78,14509,136334.33
24380.85,12684.53,3151.53,2078.14,8538,101357.4
19752.12,8096.01,6780.4,2861.64,21166,99820.15
12115.48,5739.75,7070.5,2139.06,24682,53270.75
10507.93,9379.92,1307.62,423.0,24119,68882.07
17459.6,5966.85,3140.98,1197.18,26559,108487.45
8398.83,14040.16,2006.94,1926.03,22594,95878.3
24157.29,8409.61,3699.95,1924.33,15738,130028.25
20897.2,6904.04,4833.12,3972.54,26717,104942.62
12654.12,8554.04,2100.71,614.01,9139,92465.99
6434.33,3958.62,3156.28,2505.59,12794,62748.34
21769.36,5085.16,2992.09,3489.11,12286,127784.82
14427.3,11601.24,5414.53,4271.45,28640,90350.73
21189.08,6029.32,5138.69,1595.6,27542,129687.86
7027.86,4859.27,3556.52,2491.43,23898,49007.22
12003.12,9609.96,5353.64,2569.76,28575,100378.9
15026.22,11557.11,3906.64,2195.48,12965,115366.57
15234.9,10156.86,4456.69,1901.15,22788,112292.37
12749.67,10988.14,8346.9,2435.98,18998,93349.18
18114.25,5729.61,7680.92,200.0,26775,111158.31
9661.9,3734.57,2400.84,2682.07,19078,42112.16
14288.1,12504.0,6659.46,2126.18,16920,135920.06
15601.48,7031.96,6622.79,1777.53,24327,104502.37
17572.19,7247.5,2703.47,4046.86,27009,142487.58
18558.07,11984.58,6637.56,1325.07,14653,109384.95
9376.79,9668.69,8075.86,1596.92,19511,82350.13
7329.43,9367.66,2754.91,3991.55,11532,63293.03
21388.38,14495.01,3164.99,1167.94,2000,134489.36
16661.57,6069.45,7035.32,1449.88,21603,92353.43
11257.57,10783.52,5542.99,1852.97,24871,115833.62
22755.76,8171.04,6102.95,2840.73,22096,128116.19
15578.37,8805.78,5681.18,2207.8,4403,55587.24
20896.49,12585.41,5781.39,707.37,17193,115706.61
15337.59,9523.51,2347.06,1467.83,2253,61577.6
25303.74,9614.89,7094.64,1392.65,30957,152029.28
23776.7,11217.52,7339.18,1922.78,11311,111595.43
13755.18,6905.14,4541.22,2425.84,30043,124957.99
19857.85,5482.37,4913.05,2418.21,27566,118997.93
18226.88,4865.57,1937.78,223.99,12795,82860.14
21843.16,2100.93,6028.51,3063.94,10937,121525.7
10175.38,14168.62,6144.11,2252.57,22802,128078.52
18430.26,4690.37,4875.62,3384.53,13245,104874.35
20292.12,7336.24,7248.71,2444.2,20819,109658.16
6206.3,7169.56,4331.85,3101.32,16137,37341.06
9083.71,8922.22,6129.21,2466.55,5750,63973.5
4803.84,10447.21,2960.67,3346.23,2156,50135.43
13652.97,10581.42,4952.9,2522.25,21813,111172.76
18587.71,6250.77,4651.29,1902.08,15507,98332.31
22511.79,7498.63,5450.62,4272.43,15575,145888.8
15370.47,8847.74,4260.95,2889.04,25566,101570.18
23143.08,7253.93,4737.05,2573.74,29387,136579.68
8099.49,12822.04,6652.09,723.7,17819,112631.82
6483.09,9472.92,4126.47,711.69,17275,77157.97
14722.26,10204.63,1786.85,2292.72,24001,105639.56
16920.33,9988.64,8499.17,2145.52,9144,99402.97
14836.53,11520.42,7762.91,1385.88,21785,102875.34
4662.79,8543.06,2415.47,2140.98,24415,54365.79
14554.4,4109.5,6379.42,3588.63,25441,95121.68
8477.65,9199.06,3994.05,2695.4,4505,87535.29
18348.36,6045.93,5526.97,858.99,13909,95380.48
16832.99,6414.15,5588.45,1888.49,12973,72384.01
10300.6,9759.09,4531.18,1195.03,20799,124497.99
12430.67,11714.85,3432.47,1612.3,23845,109714.79
9703.93,8063.81,3618.92,1586.38,31973,64867.8
14686.6,8926.5,3167.62,1522.35,16040,86856.01
19775.71,13106.64,3336.36,744.86,16019,121743.48
10071.37,8722.26,4865.64,1872.35,29197,130838.29
17520.23,15000.0,3568.48,1439.39,22372,103862.62
12348.71,9696.53,6364.1,200.0,30141,122680.49
11035.64,2717.71,7974.49,4052.97,22309,121148.16
14464.85,10260.02,3839.89,3088.77,10743,88609.01
9823.79,9143.48,5478.81,1623.7,9334,73665.04
12231.75,11869.26,5999.37,2018.82,7587,73993.71
9010.61,10019.54,5944.0,828.35,25296,86675.79
24823.63,7584.63,5151.91,3695.72,29508,148649.18
15176.32,4327.11,6485.36,3897.29,34794,131542.93
11501.37,7372.93,5964.5,2156.69,26744,120689.29
16069.9,5448.44,2524.68,3023.53,29302,93396.18
14438.36,6258.43,6738.31,2175.29,15359,57373.84
13895.15,9765.74,6774.58,663.27,10748,93041.41
18070.83,13009.71,3473.43,1588.18,26800,133105.97
18787.54,9184.01,5075.88,2131.93,23341,126953.3
12347.49,4412.35,6366.66,1545.45,20859,80579.33
12120.91,9333.81,4581.37,1781.35,23098,100955.54
13624.74,11589.89,7145.96,1908.6,22585,143897.72
3490.39,6170.65,9727.74,1919.12,30270,86852.39
7424.04,7597.95,3428.03,2052.26,30359,77193.05
21834.37,8044.06,2237.91,939.39,24353,109774.34
23224.84,5645.31,5607.64,1282.98,26766,124479.46
13754.82,9944.84,6443.13,715.42,24112,137844.41
17882.78,7637.16,4538.27,2977.82,16310,107709.29
16556.25,9258.6,7906.52,200.0,26052,114229.61
30000.0,5337.52,2322.79,3153.59,8844,124767.91
20597.87,6687.63,6385.84,3386.35,28431,155578.49
14360.41,10167.14,3788.28,1697.82,10443,133747.32
10222.3,6881.5,8438.76,200.0,22286,94994.91
6967.77,13180.89,8985.03,1638.69,13238,91711.12
16017.32,6801.09,3466.69,1935.82,24427,105155.09
11218.25,8674.05,3900.89,989.4,19728,38731.27
7888.73,10797.77,6719.18,1484.78,7241,91841.27
11767.14,3744.9,4225.74,3530.2,23365,92809.59
9592.26,2717.57,4909.18,2664.93,15376,79657.7
23435.71,3423.03,5050.78,1075.44,27049,107167.54
19408.2,11787.75,1160.65,402.4,20010,105635.04
14960.14,6344.43,4972.32,1672.98,23163,92169.45
22399.72,15000.0,3620.54,1786.54,12339,154558.88
15386.84,6307.26,4013.75,2496.2,15285,88646.82
10693.58,8553.65,7887.26,1464.68,16330,132156.87
22615.62,12626.33,2486.99,2511.5,26853,151495.04
17694.55,14018.28,6626.41,3935.15,33419,124293.39
9813.77,14184.51,4442.07,2815.5,13558,96036.46
14048.31,11625.1,4440.48,1951.91,28614,102732.83
10621.91,11072.19,6580.74,1816.85,2642,39455.67
8086.0,9777.58,5680.1,1643.33,10446,108672.24
19630.89,10335.08,6141.23,3180.64,12329,137911.03
24547.08,6346.44,6936.37,1372.69,9179,131456.34
8007.16,5545.4,4337.38,2045.22,7331,65585.37
17814.85,7989.88,3775.53,2051.2,23303,85521.3
11746.79,7489.45,2829.7,1498.22,18287,74335.85
12564.37,6640.32,3349.18,627.53,23035,102975.53
12038.03,10089.16,10000.0,2322.97,25523,93215.8
10680.05,10865.92,7489.36,1939.0,22124,52048.72
15242.61,8265.22,2297.85,2500.24,25262,102020.29
10845.25,12432.59,2355.08,1466.4,19443,90701.88
16352.28,4574.93,5963.73,3220.82,10504,99869.64
14748.81,7419.02,6094.53,1123.23,28462,121505.76
13805.26,5849.53,6097.77,3712.04,15287,111506.52
10462.18,2400.39,4490.09,252.36,12515,65035.91
12116.14,7751.96,4749.09,2434.77,18576,117312.09
18776.96,7634.76,5655.76,2475.43,12697,80551.15
17504.59,12540.35,5171.79,1204.44,16660,126699.12
10112.22,9892.44,561.4,2424.39,22752,101048.69
15496.66,4927.44,4540.4,3279.52,22786,79243.48
18756.94,13562.28,3297.19,200.0,12817,82161.04
6652.97,11663.1,5350.42,2502.74,16098,69908.96
17716.8,9746.29,10000.0,200.0,28594,112383.86
11686.88,7320.55,5734.96,1034.34,23971,106905.57
17852.99,5121.68,4372.94,3629.17,36600,113334.35
11183.7,6883.38,6843.6,1418.22,29441,80499.43
5975.59,11266.25,5965.38,826.12,29154,75418.5
6862.29,13653.76,5840.19,1802.06,8897,104374.51
15240.42,12629.73,6213.7,4067.91,26110,131967.43
16298.61,6533.45,9113.09,200.0,19575,99745.36
10478.42,4641.15,2738.22,948.69,15592,65785.06
18192.96,8422.66,5947.26,3497.43,21344,149369.59
6692.4,2694.68,3147.24,3857.7,27561,59456.08
14669.6,8969.5,6111.03,1896.57,24006,136058.41
8944.92,7557.19,3162.63,760.95,12972,72214.25
11740.82,6601.89,4165.27,4095.84,25939,98503.1
15236.99,3215.89,4409.82,3594.44,14899,142900.38
10697.93,9540.8,6951.63,2678.95,21733,80029.34
13077.22,6401.9,6836.91,1187.6,17573,83769.61
20031.46,4490.25,2508.57,1950.97,18249,79616.24
12115.54,1000.0,5109.87,1839.64,26129,100576.21
19178.46,7917.46,3580.84,2330.85,11678,141461.1
9351.47,13316.75,2482.99,3451.0,35561,147238.93
17649.02,12983.78,4565.97,2879.42,5431,138327.81
22207.84,6628.71,4383.03,922.62,15218,109053.48
3000.0,6193.36,9853.43,3376.5,22961,70023.93
11015.52,9406.32,5865.92,2313.13,24674,67591.65
17885.36,5004.84,2244.76,2687.07,19196,142796.86
13984.77,8905.38,3870.45,3466.54,19540,115160.69
16855.73,10298.24,7042.77,888.42,23284,107120.26
11980.07,11680.8,9176.89,1964.17,18151,135007.18
15432.95,7699.54,1828.03,1468.55,31145,86521.39
14221.61,7388.98,1240.15,432.14,26714,100161.41
20838.91,5366.05,8741.93,2346.71,26982,126288.38
16272.1,5519.36,5779.23,4511.56,12270,118586.34
16688.01,7320.56,3263.41,200.0,19364,94554.13
12940.62,9102.1,6069.26,1967.72,17596,69975.61
12561.97,10740.75,500.0,2640.54,11955,91047.61
12837.21,5590.46,5006.75,2123.08,22881,114342.46
16972.26,12478.07,5655.64,1886.87,15698,116967.35
12895.08,7186.63,6848.54,700.78,25243,112652.62
16448.87,7935.9,2972.21,2232.79,11438,76364.57
25377.0,5758.36,5171.37,1243.24,33752,139859.94
19355.62,1000.0,3149.15,200.0,12829,69982.66
13369.88,10652.14,5510.77,3194.59,21754,126949.77
21006.07,10210.53,3209.31,2958.39,26334,134983.11
12959.62,7156.02,4183.8,2051.66,15434,102996.35
4809.38,8200.97,3008.37,2229.07,26819,96338.69
9959.57,9547.82,6302.27,3074.32,10166,102671.21
5646.04,3312.36,6716.9,2224.34,31616,81476.07
13242.43,6412.84,4530.76,2904.02,20113,76607.36
15092.09,10382.79,5076.48,1702.52,15228,104019.77
23382.19,4237.13,2102.82,3311.98,17606,107964.11
16634.64,8880.67,4400.65,2320.79,26471,109811.85
13904.5,3930.25,4899.59,2194.05,15324,78436.14
19147.03,9399.29,10000.0,729.94,14005,98767.58
3944.32,7893.08,2776.07,2286.96,18227,23986.13
16178.07,3154.6,7928.35,1168.05,10584,74879.38
18854.33,11494.22,6993.72,1361.72,34564,142216.63
7607.07,5796.23,5561.27,1184.62,15468,40658.85
20718.77,5569.24,8517.24,933.77,26652,123683.93
16692.48,8601.71,5744.21,4124.77,21675,159684.91
12923.56,11445.91,5778.32,3331.34,12123,125402.12
18163.91,4952.53,4893.76,3920.37,19952,146216.07
26353.46,8185.04,7447.14,777.1,26272,152852.04
15909.33,9286.45,7192.94,2071.25,18493,135560.13
16241.1,10079.32,3748.65,706.49,29544,98925.12
12703.2,8529.32,2361.51,1304.31,28172,84040.0
10750.78,6898.92,4594.04,1081.87,27351,34188.11
19151.68,5517.23,3399.92,3239.58,16322,132893.98
10719.58,8258.43,4872.95,1603.77,11361,111327.12
15357.83,4783.58,7474.88,3068.38,15091,89657.77
12611.71,1000.0,4085.4,2604.12,21569,75221.99
17394.9,9309.68,4914.35,4303.64,24366,112281.05
16668.31,10711.8,5116.05,520.56,2627,101479.02
20187.7,1000.0,6696.86,3259.23,19935,132958.08
12449.92,4970.81,506.22,3146.44,21264,50361.17
13650.63,9857.46,3786.6,1026.62,17779,103541.14
10106.18,14172.49,5422.57,3007.13,30330,111624.6
12778.53,8062.38,7400.16,2336.14,23374,107250.44
16886.5,5815.99,4016.2,1772.52,30481,119686.55
18784.94,7451.31,1246.89,1176.06,18272,98487.4
10389.17,12124.63,6239.42,1280.89,27499,102717.64
19348.03,6062.11,3729.28,4049.81,33080,125880.86
21778.19,5602.42,2620.67,2000.68,30493,143466.78
17067.17,6551.77,3751.31,2782.13,11262,107665.25
24383.98,5140.01,4630.95,1209.1,17970,124756.99
11131.05,8368.01,3790.51,1220.15,17238,58460.7
8776.73,12874.04,588.87,3081.98,23914,87917.75
6106.4,8969.24,6794.13,650.42,25490,97774.88
22480.22,7242.94,7549.75,1584.79,13288,122845.14
18271.83,7124.57,6303.04,2034.03,20542,127645.32
14722.08,3310.43,2724.63,2111.37,3840,107734.43
16399.84,10649.33,4597.02,1820.91,31535,143997.29
9372.55,7766.49,4986.96,2395.82,15901,84381.85
27228.76,7458.56,6197.59,2692.86,20446,136157.24
15646.11,15000.0,6336.68,2734.64,17522,74885.11
15546.97,8896.26,3531.65,1014.2,29168,105389.84
18628.83,5744.63,5163.99,1715.84,2000,85583.73
17405.05,6720.93,5914.56,3194.76,19867,121930.93
16119.42,11445.34,7911.64,2894.65,19153,120464.5
11047.63,8339.81,6409.01,627.14,16370,78635.55
17357.34,3685.17,6578.11,2351.48,33809,81078.93
24410.12,10757.69,5167.65,200.0,12901,107940.26
21727.1,5995.57,7820.92,2046.93,26174,140075.68
22965.93,13619.89,5819.53,3897.77,22850,188879.88
12443.92,11240.14,3277.82,1052.11,30092,103267.06
10051.98,6658.03,7806.74,1165.68,14662,87395.28
14371.07,11843.05,6395.81,2764.03,14136,130212.19
15278.62,8203.57,4113.91,457.2,28768,88353.89
20470.96,10558.32,4041.01,1367.24,23402,133180.99
6537.68,9454.2,5593.15,2596.44,7640,57335.79
22647.75,5460.93,5926.37,1365.71,15685,133805.52
14209.96,6069.35,5394.58,1764.03,23091,101398.04
12865.59,11089.88,5622.62,2744.19,26702,120267.42
9939.48,6995.67,8399.91,2421.55,14566,71801.27
6725.72,6789.05,7143.09,2266.82,2000,76587.09
19115.85,5134.63,5381.27,1660.88,24185,153964.66
15366.59,9270.8,6882.62,2370.06,10237,83511.51
8550.2,14187.57,2934.95,1876.27,3861,72485.15
8524.61,4797.4,5795.85,2457.81,2000,66213.93
13321.08,8072.66,8618.61,1503.07,26511,124073.96
23345.11,12236.66,4563.91,1817.43,21028,128697.62
13702.04,7761.08,3304.73,1010.04,18194,33053.59
7484.29,9357.12,3695.82,1964.99,31112,117236.22
13771.28,4812.82,2820.73,1189.0,25098,103851.24
13636.38,9284.92,3430.48,885.95,32930,71434.4
3000.0,7438.57,4258.98,2258.66,8858,40944.03
14728.53,10957.19,2188.87,2212.74,19723,136651.33
13845.33,11562.16,5031.24,2782.87,7066,128992.04
18481.03,15000.0,6804.55,1568.87,18164,150441.13
24244.78,9738.9,3184.49,2408.05,18011,130223.36
20632.83,8977.39,8038.57,2550.8,25012,137567.57
13655.56,8583.15,6021.58,2444.77,20364,101727.63
9467.37,6940.5,7061.16,1174.35,24987,110225.08
27866.8,9015.45,3684.33,2149.36,25627,132704.49
15296.09,7113.8,6709.05,2364.14,37239,105900.74
15069.65,8505.38,2816.13,2007.18,17477,118720.15
14879.37,11952.79,6780.5,200.0,12471,100858.28
15990.42,4980.37,5343.68,2160.49,21968,129438.07
14278.2,11419.64,6106.5,4212.53,13581,101295.74
12131.69,11951.35,2648.81,1639.96,31855,107766.02
12265.71,7645.79,3209.86,1271.92,17734,66869.95
14836.23,1634.44,6194.46,2373.35,15475,86517.89
12282.88,6176.53,3103.3,2312.38,16229,54848.82
11435.77,11890.98,5926.41,3192.74,25747,103499.62
15532.15,7931.4,2265.72,742.13,18738,64791.56
13725.11,5002.09,6696.35,2731.38,14866,106936.15
22519.96,6485.68,2534.95,2590.42,33322,147784.04
3000.0,10521.86,6104.6,1857.85,13150,31740.45
20457.53,9640.2,6251.26,2338.69,20284,155339.29
21230.43,7283.2,3606.46,3029.46,25218,177702.68
4633.05,6899.53,6164.05,2872.32,6949,62120.88
13286.56,6824.73,5520.88,856.98,23842,81665.62
13142.8,5232.77,3922.32,2820.16,11559,140651.52
7962.44,12846.13,2982.89,1935.31,26582,68443.78
11110.92,7033.04,1074.75,2072.87,12298,75041.9
9447.12,11651.48,5699.3,2073.2,25542,104698.71
23761.35,12563.95,1870.39,1849.76,28846,171261.86
19678.39,10994.93,5190.69,3191.71,26891,144284.55
21357.78,6705.14,4473.1,1916.28,22010,110852.87
18608.36,9211.19,6358.29,880.45,18149,94940.45
9354.74,7927.41,4395.91,1606.47,15388,71266.21
12377.4,5288.89,4341.1,2178.69,31768,78029.45
17446.87,8973.08,6463.74,3229.21,14404,117057.34
8889.36,4462.88,5670.12,2603.09,11703,59731.25
18564.99,11563.04,5632.31,1149.46,25322,96076.44
13798.37,6606.15,5938.54,4485.19,13630,127119.54
13125.9,8603.48,1928.86,2264.78,12399,77475.18
18554.8,8849.86,6513.58,3275.39,8451,88896.87
17221.32,7223.29,6224.94,1848.29,16136,103107.15
13195.17,9760.08,2966.63,2533.36,19338,101123.34
20796.65,6575.29,4511.84,2839.47,21944,87571.56
9594.68,10613.89,4921.39,3218.19,27610,110773.17
18079.68,3962.06,4731.01,3057.37,24215,89661.66
17965.51,8379.14,5667.72,2872.2,18473,151261.67
13452.27,13816.79,7862.73,1684.91,18414,125702.49
16630.67,4999.01,7163.53,1428.25,24081,98140.98
8744.43,5966.77,2375.56,2332.61,30180,68997.95
19620.14,9541.72,6244.14,2933.13,21010,126714.13
14075.49,8538.75,7657.87,1777.28,16246,114337.51
12386.38,9051.89,5773.62,3065.17,12057,95567.36
20245.05,9467.56,7181.96,3452.62,8438,118787.66
11478.28,9904.16,9024.54,1083.68,25330,106142.72
7957.69,11329.1,7047.42,1163.08,24623,81325.61
7216.85,9229.46,5498.62,1859.62,24618,78982.45
18030.05,7276.23,7090.18,2307.61,18970,73468.06
8597.85,10017.72,5289.78,1475.43,31255,115732.76
23773.97,13699.65,5047.81,3352.2,16127,153646.21
4590.35,7602.1,4297.17,2424.07,27642,60776.78
23482.28,5076.41,8126.83,2039.45,19690,166520.1
16055.09,11321.24,3363.14,564.09,15133,103406.02
14516.43,7638.86,8064.74,684.18,24740,84414.76
12275.4,1481.99,5999.73,2281.01,23277,101222.05
16995.68,10542.27,2201.39,200.0,22855,114055.51
14811.83,6394.02,5735.3,3012.64,20650,112535.04
20516.51,7728.4,799.95,1841.85,19696,103177.36
15571.14,8995.94,6251.02,5000.0,39106,148275.52
15751.51,8571.5,6770.46,4307.92,29474,122974.35
13181.94,10128.36,3815.29,1818.55,25782,116149.85
14715.27,6693.54,5247.1,1893.66,20894,61737.58
16539.01,9539.32,8908.31,2995.58,28057,121664.04
6449.16,7221.36,3988.51,3703.17,24143,117225.69
8259.07,10216.43,2882.18,361.97,20209,61489.45
18716.32,9846.1,7963.33,213.62,17571,103454.9
15854.33,5193.68,8925.17,1377.97,19352,93891.2
14080.08,11257.95,5007.39,2582.74,2000,70307.54
15092.17,6392.11,7022.93,2496.87,21684,62504.38
16737.91,10424.17,7682.95,3069.77,16092,115908.36
12301.2,9101.86,3515.03,800.3,32741,103911.21
11108.48,13514.55,4029.39,200.0,20154,94495.58
15979.23,7329.6,7461.75,2858.01,10488,101148.43
10108.14,6952.05,8370.03,1171.8,19600,88098.29
17041.26,7941.74,6125.76,200.0,11631,117157.53
6487.08,7090.46,3240.37,2145.06,23787,70711.85
20145.78,10399.83,8974.12,2793.18,22327,126684.66
17362.99,3151.07,3938.06,1877.94,27662,97501.24
16280.15,4838.95,4329.72,1542.15,13672,102202.77
19913.45,4796.59,5684.68,1840.64,20272,139978.96
23327.37,10850.92,8108.32,1629.42,9079,118659.45
20071.85,13131.84,6707.95,651.95,25611,136836.28
5795.63,7686.65,5829.73,1285.32,24150,82028.99
8602.12,7493.53,5926.58,2521.28,23966,68983.93
11875.91,8210.16,5087.03,2321.68,20012,95623.83
15130.46,11485.63,6116.28,2168.06,23318,88702.78
17588.3,5217.94,500.0,1004.85,32834,68517.52
11371.28,8715.11,4406.79,1818.5,17719,96846.17
15933.83,10925.59,5482.64,200.0,21109,100311.76
11223.09,9503.28,2697.97,2178.48,11310,87685.68
11942.41,8568.74,5772.65,3428.86,13053,95477.28
7966.69,11003.14,4591.06,525.87,20782,62597.48
10383.83,1000.0,8510.95,1414.07,28831,81888.91
8241.58,10033.63,8146.04,2329.11,17949,67162.07
10120.63,6037.77,4068.39,3252.84,18112,112261.06
20268.21,2508.1,4698.32,1551.78,16744,73898.8
10253.01,9533.61,4852.1,1307.75,15721,80973.25
28161.91,12120.98,4096.68,200.0,22359,127892.94
17466.59,7587.65,5390.05,2103.44,8021,111816.58
15924.18,10858.62,3483.44,4042.08,30247,121540.77
10708.21,12836.83,2738.77,2277.36,14676,83460.94
18501.55,11944.74,6245.42,1977.72,25775,148678.97
12121.81,12919.89,6259.06,2322.08,9840,101320.99
15610.05,10226.38,3391.37,1988.91,25350,122925.64
27800.42,8226.3,6790.71,1186.99,25375,129828.51
14519.7,3194.1,3736.84,2823.28,23073,65419.98
20746.37,7261.81,5506.33,2225.76,12044,116564.2
11484.12,5470.26,6640.69,2017.61,21996,84070.1
14825.06,14512.83,4932.77,1024.63,10535,118812.94
23854.0,7472.34,5909.48,3303.51,17977,133777.05
11865.16,8369.61,3967.14,2664.7,28235,106471.98
24062.24,9654.46,4607.07,1447.08,26373,106629.67
18538.76,8130.81,4588.28,3001.82,20121,156095.49
12187.67,13085.15,3506.84,1502.43,12201,91882.24
18162.04,6132.05,4646.45,1218.0,25164,123406.02
19862.77,8583.82,1902.76,1240.3,20155,94948.33
18109.05,5772.59,4017.69,228.93,2000,88511.09
7148.88,4039.93,4430.25,2471.54,26261,48662.05
11364.31,6164.69,4487.64,200.0,19806,87542.17
13762.41,7888.89,4517.01,771.56,29619,94594.08
14627.83,6712.09,4876.47,200.0,11237,83884.81
18103.36,5922.74,5958.88,1913.93,2000,107070.18
15888.51,3781.05,6749.03,1849.68,22232,75386.38
8323.28,7750.68,3700.47,1673.3,22332,65942.01
16900.99,3485.84,2593.6,957.42,6474,86365.32
18052.93,10280.17,2915.91,827.77,12172,145031.51
17798.95,8247.32,4025.59,2464.37,42041,130000.85
20403.9,3627.35,4296.16,1449.45,17555,115659.0
19169.61,7072.37,3460.01,2316.36,25847,115872.24
17295.9,5743.53,2407.77,1114.75,14794,130770.33
14649.17,8957.52,4087.76,2181.06,3277,53576.87
6695.2,12021.35,5362.85,3303.28,18637,93341.14
17148.09,2374.48,6190.06,2586.17,17875,66132.25
16038.44,8345.08,3885.15,1587.59,16800,50677.52
16357.89,7519.6,4174.0,2257.2,19082,111035.82
8616.26,10014.02,3146.6,1759.33,22114,88176.92
9594.72,8639.59,4937.12,2007.88,18799,80643.62
20265.76,5744.09,3303.14,1674.39,9887,98796.6
14802.22,7042.84,6146.26,1835.66,23889,167030.22
18407.5,5611.92,1428.27,2212.09,4405,83375.3
15141.59,11228.02,4280.74,1006.64,3597,101795.62
15148.78,8063.93,5602.21,984.12,25913,93089.62
19691.42,13703.57,5367.67,611.46,24056,136995.45
12419.78,7818.02,10000.0,399.73,19540,91749.3
15480.6,5874.78,5699.6,782.72,8836,77435.7
12688.62,3458.86,2991.89,2159.46,14336,112770.95
12827.52,2590.58,4809.07,1107.21,17898,100372.34
13454.14,3247.59,1447.51,2513.61,7232,73328.06
16110.67,8801.38,4838.8,2034.71,14087,57204.51
12606.26,9526.18,3333.89,200.0,25218,86453.05
21278.78,3256.43,6830.78,2654.98,31418,181751.12
10526.96,10685.11,3900.92,2810.8,16644,89311.84
14065.64,6550.82,4766.47,1006.14,26051,119602.97
12801.34,8440.38,3728.88,2420.19,4687,111757.64
22234.89,12836.66,8477.7,1143.5,25275,150318.85
15982.77,10690.52,4357.51,2097.67,13568,89690.28
20159.22,7194.41,8665.11,735.5,22458,72614.94
7572.2,5326.42,6628.3,206.89,18017,80225.75
16335.25,1544.55,5964.13,1617.18,30563,84711.94
19448.15,5842.54,5737.47,1876.27,13004,110087.67
15411.42,7366.61,5787.59,1602.32,25020,82242.61
20327.4,5038.46,1144.65,815.97,17763,93732.49
12413.56,7606.23,4442.23,1600.1,18733,90829.97
22046.74,8230.56,6690.32,2269.29,18529,134520.75
26494.49,7325.43,4902.21,1955.11,13234,109550.57
13185.81,6049.99,2189.62,2182.5,19887,112045.84
12772.49,8505.96,4895.19,1329.88,19498,82011.78
22266.92,9325.82,8408.21,3171.72,21929,108955.07
22897.86,4728.8,7493.78,823.83,20676,118389.63
12385.7,12232.8,4875.99,2487.56,26383,113625.08
12899.07,7704.24,6902.9,3181.89,27388,113869.62
13591.08,8056.55,4266.99,2480.91,11595,119163.28
8277.75,10124.64,1592.26,1797.48,26950,81562.3
10406.74,8699.65,3151.07,1471.7,10509,73822.58
9979.3,10859.41,8125.78,3036.09,24702,86325.51
11161.01,8861.37,4452.01,577.03,24957,107121.29
14826.58,6162.69,4513.23,1029.88,4709,83122.77
16171.07,9084.51,4400.32,1602.44,20743,99218.2
22752.5,4568.82,8808.27,3237.65,16252,89892.67
10008.23,8325.68,8251.92,2379.77,13929,118876.17
19921.61,7900.31,9437.56,1031.95,30806,107891.09
13930.06,7375.65,4681.91,1689.69,14770,79838.43
14752.68,7614.39,5591.25,1385.68,13548,101351.05
18374.1,2354.45,1966.71,1290.21,20605,68127.04
9386.39,6353.83,7953.87,2978.89,25484,65517.47
16912.05,8278.53,2664.44,628.26,18866,56687.92
15832.26,8479.57,5433.55,3608.78,29330,137256.36
17462.26,4916.97,2805.39,2828.23,24247,95736.41
16445.84,11797.12,3822.27,3090.86,2574,162534.4
27276.5,5401.48,3325.48,1537.06,15764,107377.03
11811.3,10908.37,3784.25,1850.06,15505,74989.7
12345.02,9281.58,3921.75,566.85,23834,82234.78
11884.3,6061.32,3903.46,1475.34,2000,72920.86
12222.61,13325.93,6666.67,2493.65,40392,121599.99
11813.06,4419.09,2790.27,3296.06,24248,101455.91
20945.08,10757.46,5441.08,892.84,21191,106872.67
22102.52,11001.75,7435.92,1634.49,29452,117193.97
12146.27,5988.14,3973.61,1848.7,38749,67480.59
10838.22,12177.4,3564.16,604.21,26965,53816.45
17357.08,7249.86,4538.95,2591.35,27590,106932.02
12238.88,8866.08,7359.45,1276.01,21045,92729.65
18164.66,8780.97,5388.22,1804.61,18867,101529.28
16014.62,7597.07,3937.57,1548.05,16193,123116.48
7421.28,10432.42,5967.75,1210.66,13391,102147.42
22737.53,10380.47,2795.42,1992.96,14503,118271.55
23979.39,2754.4,6362.72,1784.39,9195,74786.52
11936.06,11913.02,5817.21,1628.14,19393,91243.93
13061.49,3012.52,4384.38,1271.54,6522,56307.25
16429.33,11097.64,3322.83,2319.52,21527,102040.98
16672.28,11380.12,3226.64,3653.62,19709,106373.42
18292.72,4727.1,6069.63,2139.89,21175,96042.02
25051.02,6767.56,7457.96,2996.12,15822,129300.4
14115.26,4682.89,3725.38,609.78,44614,93524.41
11008.51,7355.24,5916.77,2157.76,30880,105071.64
8103.4,7075.9,825.95,902.63,10043,65054.8
11345.35,10338.98,3830.76,523.08,21862,72656.31
14834.37,11930.93,4937.88,1260.63,15135,130397.71
23972.79,12187.05,3180.63,3191.9,11884,117086.98
12411.94,6313.5,3126.99,2950.02,9279,49221.07
16118.94,7372.33,3664.44,2243.0,23457,114531.28
14917.89,2949.69,5584.39,467.3,14548,63825.17
20941.97,5582.39,4625.34,1803.72,27742,128085.31
27634.66,10894.55,523.54,2301.7,27950,103128.5
12345.66,12846.75,758.6,2175.54,30991,137649.45
12552.8,4296.95,3786.27,200.0,13180,83855.32
20220.8,6222.61,5915.37,1109.68,23802,86873.56
18409.46,7920.78,500.0,1935.92,25059,80527.63
24233.54,8840.48,4000.54,2536.29,16206,165279.53
17919.64,5571.19,3947.5,200.0,13825,76891.98
13203.54,9272.18,7776.68,1837.88,32876,99869.94
17953.27,6578.48,4229.96,2143.05,21819,64614.03
20543.52,7956.64,5765.98,2849.61,25087,123256.44
19102.41,9638.85,5282.51,2692.86,13423,113300.75
17536.37,8019.27,738.87,2582.57,10245,111614.07
20333.37,6690.84,6536.41,1200.06,15444,84398.08
20846.48,7671.17,5430.79,200.0,19007,83183.39
21910.79,7734.91,6016.54,1606.95,11486,126226.94
18243.55,6889.97,10000.0,3001.63,19921,143974.68
14164.41,7223.61,831.77,3393.45,6491,53215.21
15733.57,12795.94,8449.39,2710.55,11039,140225.37
21032.54,9682.76,4425.1,2429.34,25367,133017.92
10915.32,7113.56,5574.66,2379.64,24830,116687.23
16843.37,10090.86,4908.98,1443.88,16864,107656.08
13033.31,6998.54,4151.53,1869.94,11857,34568.97
15143.72,11519.37,3860.33,3669.07,11780,106813.49
21392.26,9108.93,5659.02,1057.44,17013,142264.63
15955.5,7678.09,1965.65,3614.78,25156,93377.2
15232.18,9343.15,6501.16,1677.97,27425,107606.7
8200.72,3287.37,4167.61,3325.43,16027,66499.0
18731.27,4619.7,2739.86,593.18,10772,30557.69
18227.42,4418.22,4099.97,2585.9,22142,140710.9
25816.27,8428.83,7514.3,1263.23,13411,116432.16
13461.11,13197.54,3929.33,584.73,15853,109922.9
16095.75,14693.9,5716.91,2218.53,30602,133435.54
16246.92,9914.15,3538.09,3009.47,26616,144590.53
22887.27,9502.53,6515.84,1155.06,21263,140718.38
14523.52,2596.83,6371.02,500.98,9824,70632.9
16395.11,6371.98,8697.22,1908.16,21691,93524.47
18039.48,5636.65,4648.87,1912.56,28501,129635.6
15933.05,6137.46,6337.31,2548.32,16994,66011.27
12767.83,7495.57,5196.14,2949.59,30808,121688.19
15970.45,6583.73,7591.74,1940.58,30341,94513.17
20368.16,2062.1,3562.34,3855.5,33309,147577.68
9867.42,10243.73,6490.01,2224.23,22441,101410.21
15664.85,4781.77,4610.61,1653.57,24699,112272.38
11499.4,8717.74,4871.62,388.43,31313,98775.84
20975.23,14222.25,5183.5,1737.34,23579,105303.47
7384.07,5241.85,5504.48,1663.61,15990,50639.04
12205.39,1000.0,4767.54,2960.3,16411,90494.35
16886.06,7141.99,5429.43,2462.48,21908,114810.22
22827.62,11302.88,8156.24,820.63,9675,151679.15
14671.25,13875.04,6970.9,2172.25,18853,128123.49
12224.0,4311.35,6738.31,2671.53,28772,79538.52
24405.79,9490.1,4088.92,3528.03,2469,109950.43
7759.93,6604.07,3221.52,2887.5,32275,90086.07
4005.97,7682.15,6910.6,2760.85,28978,35583.26
17200.07,15000.0,6752.09,2060.09,16321,161298.88
12489.73,3491.09,7945.34,2388.31,24347,103535.9
9893.84,8761.22,3792.04,3249.5,20025,116275.32
18541.78,9403.08,4540.9,667.22,29839,88994.49
16219.0,11257.36,1721.03,1650.56,27861,139875.99
12179.61,8293.95,4215.06,1227.43,8799,124878.66
8598.48,8924.15,6993.14,2379.15,24698,67978.41
19362.29,6825.05,4067.01,3230.22,18354,131534.0
18251.01,8807.38,6280.96,1403.03,20662,116098.4
14504.12,6970.42,4618.99,200.0,14174,54841.92
24233.18,9864.72,5648.11,1587.78,33985,159328.75
9649.58,6891.17,2704.62,2913.47,28320,107080.63
7372.37,9131.3,5170.42,2537.63,14081,66782.0
11540.46,7912.21,500.0,2428.19,9323,99274.7
14772.07,11378.15,4626.21,1720.01,16914,72983.09
16216.7,7845.82,1739.05,720.97,23476,68827.54
13793.82,2680.9,7411.99,2515.29,21921,96958.2
16760.28,11785.76,6554.81,1165.72,30025,127205.67
8742.3,5282.8,5933.34,4184.1,26319,78373.14
22218.82,6038.7,8042.01,2570.51,27756,152384.47
14589.24,6213.02,3102.17,1419.35,22614,104592.61
20586.48,12123.31,8494.73,1388.61,8885,142328.68
16713.63,1592.98,6864.38,1907.06,18434,91769.11
17283.77,15000.0,4526.89,1760.5,28480,145858.75
17848.84,11168.17,7271.24,3116.83,19587,119619.98
17238.54,8669.72,2787.41,2186.42,24024,153517.9
18213.61,7835.32,3350.97,1268.37,17450,88558.01
21645.76,8856.66,3782.82,3890.44,11761,166859.28
15982.61,9563.37,3942.04,2049.31,19013,108360.28
18545.02,9935.65,2886.88,2768.84,22472,93446.74
14551.32,9666.81,7446.17,1391.77,14754,130481.27
22200.59,8268.74,4482.29,2363.12,18114,128291.54
11618.04,7407.98,5705.01,2311.11,12484,103700.6
24004.7,7546.18,3859.3,200.0,28953,153982.91
14799.21,7415.28,1358.79,4015.28,17644,107443.15
7846.12,11401.31,5540.11,3290.64,31622,93689.75
15640.52,9780.67,1175.49,1602.8,32229,131709.98
11594.74,1000.0,4862.73,897.73,19351,69468.36
19203.22,9967.7,2263.37,2347.56,11932,124524.95
11736.88,8584.21,8974.55,2086.7,3312,43635.12
12769.08,7943.87,6822.73,2355.67,8223,99000.87
5552.3,6834.44,5211.51,2191.58,9009,48556.31
12738.47,11372.34,7527.41,2506.24,31027,154010.05
3000.0,10842.58,3307.37,3447.31,20926,88089.35
7080.49,5681.37,6086.96,2568.1,23116,83949.03
18802.07,9221.16,5399.62,950.34,2236,108574.43
18929.0,5085.03,5528.04,3362.56,10416,86428.18
17127.29,3861.15,7544.71,3640.61,27096,149819.29
10165.12,6119.85,6464.98,5000.0,22294,139857.16
14761.44,10587.18,5577.45,876.51,18822,112136.04
14981.99,10859.38,1690.23,2242.88,24518,141203.96
9208.18,9539.26,3079.91,200.0,33086,78072.92
22516.99,10175.29,4754.58,2553.15,18231,116984.97
19386.81,9548.53,5186.74,1451.8,20554,120515.61
13895.18,6075.56,2739.59,3923.45,21540,108756.37
15134.43,9295.77,9823.35,1225.39,39136,121719.16
16041.91,10401.23,8032.79,310.82,3205,106710.56
4791.33,10262.87,6204.24,1528.74,25465,87471.87
13764.11,11566.74,5144.07,200.0,19081,80248.63
11590.08,10124.91,4575.58,2751.1,24534,114372.7
9991.9,9054.34,3096.16,200.0,14741,91540.52
13594.5,11210.45,5154.96,2028.46,19608,110200.97
23988.43,7920.44,5515.51,200.0,25691,153487.1
18204.21,5354.38,2516.48,1679.7,44903,99120.74
12144.11,7510.8,5668.35,3643.38,26464,115955.89
17862.91,5765.29,4689.48,2360.65,13215,78182.59
